{
  "filters": [
    {
      "name": "rating",
      "values": ["1", "2", "3", "4","5"]
    },
    {
      "name": "price",
      "values": ["0-99", "100-199", "200-299"]
    }
  ],
  
  "banking" : [
    {
      "id" : "01",
      "rating" : "1",
      "name" : "Banking1",
      "imageUrl" : "./app/css/assets/banking/banking1.jpg",
      "description": "Lorem Ipsum is simply dummy text of the printing and typesetting industry. Lorem Ipsum has been the industry's standard dummy text ever since the 1500s, when an unknown printer took a galley of type and scrambled it to make a type specimen book. "
    },
    {
      "id" : "02",
      "rating" : "2",
      "name" : "Banking2",
      "imageUrl" : "./app/css/assets/banking/banking2.jpg",
      "description": "Lorem Ipsum is simply dummy text of the printing and typesetting industry. Lorem Ipsum has been the industry's standard dummy text ever since the 1500s, when an unknown printer took a galley of type and scrambled it to make a type specimen book. "
    },
    {
      "id" : "03",
      "rating" : "3",
      "name" : "Banking3",
      "imageUrl" : "./app/css/assets/banking/banking3.jpg",
      "description": "Lorem Ipsum is simply dummy text of the printing and typesetting industry. Lorem Ipsum has been the industry's standard dummy text ever since the 1500s, when an unknown printer took a galley of type and scrambled it to make a type specimen book. "
    },
    {
      "id" : "04",
      "rating" : "4",
      "name" : "Banking4",
      "imageUrl" : "./app/css/assets/banking/banking4.jpg",
      "description": "Lorem Ipsum is simply dummy text of the printing and typesetting industry. Lorem Ipsum has been the industry's standard dummy text ever since the 1500s, when an unknown printer took a galley of type and scrambled it to make a type specimen book. "
    },
    {
      "id" : "05",
      "rating" : "3",
      "name" : "Banking5",
      "imageUrl" : "./app/css/assets/banking/banking5.jpg",
      "description": "Lorem Ipsum is simply dummy text of the printing and typesetting industry. Lorem Ipsum has been the industry's standard dummy text ever since the 1500s, when an unknown printer took a galley of type and scrambled it to make a type specimen book. "
    },
    {
      "id" : "06",
      "rating" : "2",
      "name" : "Banking6",
      "imageUrl" : "./app/css/assets/banking/banking6.jpg",
      "description": "Lorem Ipsum is simply dummy text of the printing and typesetting industry. Lorem Ipsum has been the industry's standard dummy text ever since the 1500s, when an unknown printer took a galley of type and scrambled it to make a type specimen book. "
    },
    {
      "id" : "07",
      "rating" : "1",
      "name" : "Banking7",
      "imageUrl" : "./app/css/assets/banking/banking7.jpg",
      "description": "Lorem Ipsum is simply dummy text of the printing and typesetting industry. Lorem Ipsum has been the industry's standard dummy text ever since the 1500s, when an unknown printer took a galley of type and scrambled it to make a type specimen book. "
    },
    {
      "id" : "08",
      "rating" : "5",
      "name" : "Banking8",
      "imageUrl" : "./app/css/assets/banking/banking8.jpg",
      "description": "Lorem Ipsum is simply dummy text of the printing and typesetting industry. Lorem Ipsum has been the industry's standard dummy text ever since the 1500s, when an unknown printer took a galley of type and scrambled it to make a type specimen book. "
    },
    {
      "id" : "09",
      "rating" : "3",
      "name" : "Banking9",
      "imageUrl" : "./app/css/assets/banking/banking9.jpg",
      "description": "Lorem Ipsum is simply dummy text of the printing and typesetting industry. Lorem Ipsum has been the industry's standard dummy text ever since the 1500s, when an unknown printer took a galley of type and scrambled it to make a type specimen book. "
    },
    {
      "id" : "10",
      "rating" : "2",
      "name" : "Banking10",
      "imageUrl" : "./app/css/assets/banking/banking10.jpg",
      "description": "Lorem Ipsum is simply dummy text of the printing and typesetting industry. Lorem Ipsum has been the industry's standard dummy text ever since the 1500s, when an unknown printer took a galley of type and scrambled it to make a type specimen book. "
    },
    {
      "id" : "11",
      "rating" : "4",
      "name" : "Banking11",
      "imageUrl" : "./app/css/assets/banking/banking11.jpg",
      "description": "Lorem Ipsum is simply dummy text of the printing and typesetting industry. Lorem Ipsum has been the industry's standard dummy text ever since the 1500s, when an unknown printer took a galley of type and scrambled it to make a type specimen book. "
    },
    {
      "id" : "12",
      "rating" : "1",
      "name" : "Banking12",
      "imageUrl" : "./app/css/assets/banking/banking12.jpg",
      "description": "Lorem Ipsum is simply dummy text of the printing and typesetting industry. Lorem Ipsum has been the industry's standard dummy text ever since the 1500s, when an unknown printer took a galley of type and scrambled it to make a type specimen book. "
    }
  ],
    "education" : [
    {
      "id" : "01",
      "rating" : "3",
      "name" : "Education1",
      "imageUrl" : "./app/css/assets/education/education1.jpg",
      "description": "Lorem Ipsum is simply dummy text of the printing and typesetting industry. Lorem Ipsum has been the industry's standard dummy text ever since the 1500s, when an unknown printer took a galley of type and scrambled it to make a type specimen book. "
    },
    {
      "id" : "02",
      "rating" : "2",
      "name" : "Education2",
      "rating" : "1",
      "imageUrl" : "./app/css/assets/education/education2.jpg",
      "description": "Lorem Ipsum is simply dummy text of the printing and typesetting industry. Lorem Ipsum has been the industry's standard dummy text ever since the 1500s, when an unknown printer took a galley of type and scrambled it to make a type specimen book. "
    },
    {
      "id" : "03",
      "rating" : "5",
      "name" : "Education3",
      "imageUrl" : "./app/css/assets/education/education3.jpg",
      "description": "Lorem Ipsum is simply dummy text of the printing and typesetting industry. Lorem Ipsum has been the industry's standard dummy text ever since the 1500s, when an unknown printer took a galley of type and scrambled it to make a type specimen book. "
    },
    {
      "id" : "04",
      "rating" : "3",
      "name" : "Education4",
      "imageUrl" : "./app/css/assets/education/education4.jpg",
      "description": "Lorem Ipsum is simply dummy text of the printing and typesetting industry. Lorem Ipsum has been the industry's standard dummy text ever since the 1500s, when an unknown printer took a galley of type and scrambled it to make a type specimen book. "
    },
    {
      "id" : "05",
      "rating" : "2",
      "name" : "Education5",
      "rating" : "1",
      "imageUrl" : "./app/css/assets/education/education5.jpg",
      "description": "Lorem Ipsum is simply dummy text of the printing and typesetting industry. Lorem Ipsum has been the industry's standard dummy text ever since the 1500s, when an unknown printer took a galley of type and scrambled it to make a type specimen book. "
    },
    {
      "id" : "06",
      "rating" : "5",
      "name" : "Education6",
      "imageUrl" : "./app/css/assets/education/education6.jpg",
      "description": "Lorem Ipsum is simply dummy text of the printing and typesetting industry. Lorem Ipsum has been the industry's standard dummy text ever since the 1500s, when an unknown printer took a galley of type and scrambled it to make a type specimen book. "
    },
    {
      "id" : "07",
      "rating" : "3",
      "name" : "Education7",
      "imageUrl" : "./app/css/assets/education/education7.jpg",
      "description": "Lorem Ipsum is simply dummy text of the printing and typesetting industry. Lorem Ipsum has been the industry's standard dummy text ever since the 1500s, when an unknown printer took a galley of type and scrambled it to make a type specimen book. "
    },
    {
      "id" : "08",
      "rating" : "4",
      "name" : "Education8",
      "imageUrl" : "./app/css/assets/education/education8.jpg",
      "description": "Lorem Ipsum is simply dummy text of the printing and typesetting industry. Lorem Ipsum has been the industry's standard dummy text ever since the 1500s, when an unknown printer took a galley of type and scrambled it to make a type specimen book. "
    },
    {
      "id" : "09",
      "name" : "Education9",
      "rating" : "1",
      "imageUrl" : "./app/css/assets/education/education9.jpg",
      "description": "Lorem Ipsum is simply dummy text of the printing and typesetting industry. Lorem Ipsum has been the industry's standard dummy text ever since the 1500s, when an unknown printer took a galley of type and scrambled it to make a type specimen book. "
    },
    {
      "id" : "10",
      "rating" : "2",
      "name" : "Education10",
      "imageUrl" : "./app/css/assets/education/education10.jpg",
      "description": "Lorem Ipsum is simply dummy text of the printing and typesetting industry. Lorem Ipsum has been the industry's standard dummy text ever since the 1500s, when an unknown printer took a galley of type and scrambled it to make a type specimen book. "
    },
    {
      "id" : "11",
      "rating" : "5",
      "name" : "Education11",
      "imageUrl" : "./app/css/assets/education/education11.jpg",
      "description": "Lorem Ipsum is simply dummy text of the printing and typesetting industry. Lorem Ipsum has been the industry's standard dummy text ever since the 1500s, when an unknown printer took a galley of type and scrambled it to make a type specimen book. "
    },
    {
      "id" : "12",
      "rating" : "3",
      "name" : "Education12",
      "imageUrl" : "./app/css/assets/education/education12.jpg",
      "description": "Lorem Ipsum is simply dummy text of the printing and typesetting industry. Lorem Ipsum has been the industry's standard dummy text ever since the 1500s, when an unknown printer took a galley of type and scrambled it to make a type specimen book. "
    }
  ],
    "entertainment" : [
    {
      "id" : "01",
      "rating" : "1",
      "name" : "Entertainment1",
      "imageUrl" : "./app/css/assets/entertainment/entertainment1.jpg",
      "description": "Lorem Ipsum is simply dummy text of the printing and typesetting industry. Lorem Ipsum has been the industry's standard dummy text ever since the 1500s, when an unknown printer took a galley of type and scrambled it to make a type specimen book. "
    },
    {
      "id" : "02",
      "rating" : "2",
      "name" : "Entertainment2",
      "imageUrl" : "./app/css/assets/entertainment/entertainment2.jpg",
      "description": "Lorem Ipsum is simply dummy text of the printing and typesetting industry. Lorem Ipsum has been the industry's standard dummy text ever since the 1500s, when an unknown printer took a galley of type and scrambled it to make a type specimen book. "
    },
    {
      "id" : "03",
      "rating" : "5",
      "name" : "Entertainment3",
      "imageUrl" : "./app/css/assets/entertainment/entertainment3.jpg",
      "description": "Lorem Ipsum is simply dummy text of the printing and typesetting industry. Lorem Ipsum has been the industry's standard dummy text ever since the 1500s, when an unknown printer took a galley of type and scrambled it to make a type specimen book. "
    },
    {
      "id" : "04",
      "rating" : "4",
      "name" : "Entertainment4",
      "imageUrl" : "./app/css/assets/entertainment/entertainment4.jpg",
      "description": "Lorem Ipsum is simply dummy text of the printing and typesetting industry. Lorem Ipsum has been the industry's standard dummy text ever since the 1500s, when an unknown printer took a galley of type and scrambled it to make a type specimen book. "
    },
    {
      "id" : "05",
      "rating" : "3",
      "name" : "Entertainment5",
      "imageUrl" : "./app/css/assets/entertainment/entertainment5.jpg",
      "description": "Lorem Ipsum is simply dummy text of the printing and typesetting industry. Lorem Ipsum has been the industry's standard dummy text ever since the 1500s, when an unknown printer took a galley of type and scrambled it to make a type specimen book. "
    },
    {
      "id" : "06",
      "rating" : "1",
      "name" : "Entertainment6",
      "imageUrl" : "./app/css/assets/entertainment/entertainment6.jpg",
      "description": "Lorem Ipsum is simply dummy text of the printing and typesetting industry. Lorem Ipsum has been the industry's standard dummy text ever since the 1500s, when an unknown printer took a galley of type and scrambled it to make a type specimen book. "
    },
    {
      "id" : "07",
      "rating" : "2",
      "name" : "Entertainment7",
      "imageUrl" : "./app/css/assets/entertainment/entertainment7.jpg",
      "description": "Lorem Ipsum is simply dummy text of the printing and typesetting industry. Lorem Ipsum has been the industry's standard dummy text ever since the 1500s, when an unknown printer took a galley of type and scrambled it to make a type specimen book. "
    },
    {
      "id" : "08",
      "rating" : "5",
      "name" : "Entertainment8",
      "imageUrl" : "./app/css/assets/entertainment/entertainment8.jpg",
      "description": "Lorem Ipsum is simply dummy text of the printing and typesetting industry. Lorem Ipsum has been the industry's standard dummy text ever since the 1500s, when an unknown printer took a galley of type and scrambled it to make a type specimen book. "
    },
    {
      "id" : "09",
      "rating" : "4",
      "name" : "Entertainment9",
      "imageUrl" : "./app/css/assets/entertainment/entertainment9.jpg",
      "description": "Lorem Ipsum is simply dummy text of the printing and typesetting industry. Lorem Ipsum has been the industry's standard dummy text ever since the 1500s, when an unknown printer took a galley of type and scrambled it to make a type specimen book. "
    },
    {
      "id" : "10",
      "rating" : "5",
      "name" : "Entertainment10",
      "imageUrl" : "./app/css/assets/entertainment/entertainment10.jpg",
      "description": "Lorem Ipsum is simply dummy text of the printing and typesetting industry. Lorem Ipsum has been the industry's standard dummy text ever since the 1500s, when an unknown printer took a galley of type and scrambled it to make a type specimen book. "
    },
    {
      "id" : "11",
      "rating" : "2",
      "name" : "Entertainment11",
      "imageUrl" : "./app/css/assets/entertainment/entertainment11.jpg",
      "description": "Lorem Ipsum is simply dummy text of the printing and typesetting industry. Lorem Ipsum has been the industry's standard dummy text ever since the 1500s, when an unknown printer took a galley of type and scrambled it to make a type specimen book. "
    },
    {
      "id" : "12",
      "rating" : "1",
      "name" : "Entertainment12",
      "imageUrl" : "./app/css/assets/entertainment/entertainment12.jpg",
      "description": "Lorem Ipsum is simply dummy text of the printing and typesetting industry. Lorem Ipsum has been the industry's standard dummy text ever since the 1500s, when an unknown printer took a galley of type and scrambled it to make a type specimen book. "
    }
  ],
      "healthcare" : [
    {
      "id" : "01",
      "rating" : "3",
      "name" : "Healthcare1",
      "imageUrl" : "./app/css/assets/healthcare/healthcare1.jpg",
      "description": "Lorem Ipsum is simply dummy text of the printing and typesetting industry. Lorem Ipsum has been the industry's standard dummy text ever since the 1500s, when an unknown printer took a galley of type and scrambled it to make a type specimen book. "
    },
    {
      "id" : "02",
      "rating" : "1",
      "name" : "Healthcare2",
      "imageUrl" : "./app/css/assets/healthcare/healthcare2.jpg",
      "description": "Lorem Ipsum is simply dummy text of the printing and typesetting industry. Lorem Ipsum has been the industry's standard dummy text ever since the 1500s, when an unknown printer took a galley of type and scrambled it to make a type specimen book. "
    },
    {
      "id" : "03",
      "rating" : "2",
      "name" : "Healthcare3",
      "imageUrl" : "./app/css/assets/healthcare/healthcare3.jpg",
      "description": "Lorem Ipsum is simply dummy text of the printing and typesetting industry. Lorem Ipsum has been the industry's standard dummy text ever since the 1500s, when an unknown printer took a galley of type and scrambled it to make a type specimen book. "
    },
    {
      "id" : "04",
      "rating" : "3",
      "name" : "Healthcare4",
      "imageUrl" : "./app/css/assets/healthcare/healthcare4.jpg",
      "description": "Lorem Ipsum is simply dummy text of the printing and typesetting industry. Lorem Ipsum has been the industry's standard dummy text ever since the 1500s, when an unknown printer took a galley of type and scrambled it to make a type specimen book. "
    },
    {
      "id" : "05",
      "rating" : "4",
      "name" : "Healthcare5",
      "imageUrl" : "./app/css/assets/healthcare/healthcare5.jpg",
      "description": "Lorem Ipsum is simply dummy text of the printing and typesetting industry. Lorem Ipsum has been the industry's standard dummy text ever since the 1500s, when an unknown printer took a galley of type and scrambled it to make a type specimen book. "
    },
    {
      "id" : "06",
      "rating" : "2",
      "name" : "Healthcare6",
      "imageUrl" : "./app/css/assets/healthcare/healthcare6.jpg",
      "description": "Lorem Ipsum is simply dummy text of the printing and typesetting industry. Lorem Ipsum has been the industry's standard dummy text ever since the 1500s, when an unknown printer took a galley of type and scrambled it to make a type specimen book. "
    },
    {
      "id" : "07",
      "rating" : "1",
      "name" : "Healthcare7",
      "imageUrl" : "./app/css/assets/healthcare/healthcare7.jpg",
      "description": "Lorem Ipsum is simply dummy text of the printing and typesetting industry. Lorem Ipsum has been the industry's standard dummy text ever since the 1500s, when an unknown printer took a galley of type and scrambled it to make a type specimen book. "
    },
    {
      "id" : "08",
      "rating" : "3",
      "name" : "Healthcare8",
      "imageUrl" : "./app/css/assets/healthcare/healthcare6.jpg",
      "description": "Lorem Ipsum is simply dummy text of the printing and typesetting industry. Lorem Ipsum has been the industry's standard dummy text ever since the 1500s, when an unknown printer took a galley of type and scrambled it to make a type specimen book. "
    },
    {
      "id" : "09",
      "rating" : "4",
      "name" : "Healthcare9",
      "imageUrl" : "./app/css/assets/healthcare/healthcare9.jpg",
      "description": "Lorem Ipsum is simply dummy text of the printing and typesetting industry. Lorem Ipsum has been the industry's standard dummy text ever since the 1500s, when an unknown printer took a galley of type and scrambled it to make a type specimen book. "
    },
    {
      "id" : "10",
      "rating" : "2",
      "name" : "Realthcare10",
      "imageUrl" : "./app/css/assets/healthcare/healthcare10.jpg",
      "description": "Lorem Ipsum is simply dummy text of the printing and typesetting industry. Lorem Ipsum has been the industry's standard dummy text ever since the 1500s, when an unknown printer took a galley of type and scrambled it to make a type specimen book. "
    },
    {
      "id" : "11",
      "rating" : "5",
      "name" : "Healthcare11",
      "imageUrl" : "./app/css/assets/healthcare/healthcare11.jpg",
      "description": "Lorem Ipsum is simply dummy text of the printing and typesetting industry. Lorem Ipsum has been the industry's standard dummy text ever since the 1500s, when an unknown printer took a galley of type and scrambled it to make a type specimen book. "
    },
    {
      "id" : "12",
      "rating" : "1",
      "name" : "Healthcare12",
      "imageUrl" : "./app/css/assets/healthcare/healthcare12.jpg",
      "description": "Lorem Ipsum is simply dummy text of the printing and typesetting industry. Lorem Ipsum has been the industry's standard dummy text ever since the 1500s, when an unknown printer took a galley of type and scrambled it to make a type specimen book. "
    }
  ],
        "retail" : [
    {
      "id" : "01",
      "rating" : "2",
      "name" : "Retail1",
      "imageUrl" : "./app/css/assets/retail/retail1.jpg",
      "description": "Lorem Ipsum is simply dummy text of the printing and typesetting industry. Lorem Ipsum has been the industry's standard dummy text ever since the 1500s, when an unknown printer took a galley of type and scrambled it to make a type specimen book. "
    },
    {
      "id" : "02",
      "rating" : "1",
      "name" : "Retail2",
      "imageUrl" : "./app/css/assets/retail/retail2.jpg",
      "description": "Lorem Ipsum is simply dummy text of the printing and typesetting industry. Lorem Ipsum has been the industry's standard dummy text ever since the 1500s, when an unknown printer took a galley of type and scrambled it to make a type specimen book. "
    },
    {
      "id" : "03",
      "rating" : "3",
      "name" : "Retail3",
      "imageUrl" : "./app/css/assets/retail/retail3.jpg",
      "description": "Lorem Ipsum is simply dummy text of the printing and typesetting industry. Lorem Ipsum has been the industry's standard dummy text ever since the 1500s, when an unknown printer took a galley of type and scrambled it to make a type specimen book. "
    },
    {
      "id" : "04",
      "rating" : "2",
      "name" : "Retail4",
      "imageUrl" : "./app/css/assets/retail/retail4.jpg",
      "description": "Lorem Ipsum is simply dummy text of the printing and typesetting industry. Lorem Ipsum has been the industry's standard dummy text ever since the 1500s, when an unknown printer took a galley of type and scrambled it to make a type specimen book. "
    },
    {
      "id" : "05",
      "rating" : "4",
      "name" : "Retail5",
      "imageUrl" : "./app/css/assets/retail/retail5.jpg",
      "description": "Lorem Ipsum is simply dummy text of the printing and typesetting industry. Lorem Ipsum has been the industry's standard dummy text ever since the 1500s, when an unknown printer took a galley of type and scrambled it to make a type specimen book. "
    },
    {
      "id" : "06",
      "rating" : "1",
      "name" : "Retail6",
      "imageUrl" : "./app/css/assets/retail/retail6.jpg",
      "description": "Lorem Ipsum is simply dummy text of the printing and typesetting industry. Lorem Ipsum has been the industry's standard dummy text ever since the 1500s, when an unknown printer took a galley of type and scrambled it to make a type specimen book. "
    },
    {
      "id" : "07",
      "rating" : "2",
      "name" : "Retail7",
      "imageUrl" : "./app/css/assets/retail/retail7.jpg",
      "description": "Lorem Ipsum is simply dummy text of the printing and typesetting industry. Lorem Ipsum has been the industry's standard dummy text ever since the 1500s, when an unknown printer took a galley of type and scrambled it to make a type specimen book. "
    },
    {
      "id" : "08",
      "rating" : "3",
      "name" : "Retail8",
      "imageUrl" : "./app/css/assets/retail/retail8.jpg",
      "description": "Lorem Ipsum is simply dummy text of the printing and typesetting industry. Lorem Ipsum has been the industry's standard dummy text ever since the 1500s, when an unknown printer took a galley of type and scrambled it to make a type specimen book. "
    },
    {
      "id" : "09",
      "rating" : "5",
      "name" : "Retail9",
      "imageUrl" : "./app/css/assets/retail/retail9.jpg",
      "description": "Lorem Ipsum is simply dummy text of the printing and typesetting industry. Lorem Ipsum has been the industry's standard dummy text ever since the 1500s, when an unknown printer took a galley of type and scrambled it to make a type specimen book. "
    },
    {
      "id" : "10",
      "rating" : "5",
      "name" : "Retail10",
      "imageUrl" : "./app/css/assets/retail/retail10.jpg",
      "description": "Lorem Ipsum is simply dummy text of the printing and typesetting industry. Lorem Ipsum has been the industry's standard dummy text ever since the 1500s, when an unknown printer took a galley of type and scrambled it to make a type specimen book. "
    },
    {
      "id" : "11",
      "rating" : "2",
      "name" : "Retail11",
      "imageUrl" : "./app/css/assets/retail/retail11.jpg",
      "description": "Lorem Ipsum is simply dummy text of the printing and typesetting industry. Lorem Ipsum has been the industry's standard dummy text ever since the 1500s, when an unknown printer took a galley of type and scrambled it to make a type specimen book. "
    },
    {
      "id" : "12",
      "rating" : "1",
      "name" : "Retail12",
      "imageUrl" : "./app/css/assets/retail/retail12.jpg",
      "description": "Lorem Ipsum is simply dummy text of the printing and typesetting industry. Lorem Ipsum has been the industry's standard dummy text ever since the 1500s, when an unknown printer took a galley of type and scrambled it to make a type specimen book. "
    }
  ]
}
